Flight;Date;From;To;AC reg;STD;ATD;STA;ATA;TOFF;TDWN;ATD +/-;ATA +/-;BLK +/-;TAXI -> TOFF;TAXI -> ATA;Delaycodes;CNL;
D82882;2025-03-25;HEL;AGP;SERTK;0455 ; 0450;0940 ; 0929;0509;0926;-5;-11;-6;+19;+3;;;
D83079;2025-03-25;AAL;CPH;SERRJ;0520 ; 0512;0605 ; 0558;0520;0552;-8;-7;1;+8;+6;;;
D83406;2025-03-25;CPH;RAK;SERPS;0520 ; 0514;0950 ; 0915;0523;0911;-6;-35;-29;+9;+4;;;
D83999;2025-03-25;DWC;ARN;SERTO;0520 ; 0520;1255 ; 1314;0531;1308;0;+19;19;+11;+6;;;
DY521;2025-03-25;SVG;OSL;LNENN;0530 ; 0516;0625 ; 0606;0523;0601;-14;-19;-5;+7;+5;;;
DY331;2025-03-25;BDU;OSL;LNDYR;0530 ; 0520;0725 ; 0719;0543;0715;-10;-6;4;+23;+4;;;
DY361;2025-03-25;EVE;OSL;SERPI;0530 ; 0522;0730 ; 0711;0543;0708;-8;-19;-11;+21;+3;;;
DY371;2025-03-25;TOS;OSL;SERPL;0530 ; 0531;0735 ; 0740;0559;0733;+1;+5;4;+28;+7;;;
DY601;2025-03-25;BGO;OSL;LNENL;0535 ; 0528;0630 ; 0617;0537;0613;-7;-13;-6;+9;+4;;;
D82602;2025-03-25;HEL;ARN;SERTG;0540 ; 0536;0650 ; 0644;0545;0630;-4;-6;-2;+9;+14;;;
DY421;2025-03-25;MOL;OSL;LNNHE;0545 ; 0544;0640 ; 0802;0000;0000;-1;+82;83;0;0;;CNL;
D84002;2025-03-25;UME;ARN;SERRS;0545 ; 0532;0650 ; 0633;0541;0625;-13;-17;-4;+9;+8;;;
D84030;2025-03-25;LLA;ARN;SERTH;0545 ; 0540;0710 ; 0708;0602;0704;-5;-2;3;+22;+4;;;
DY401;2025-03-25;AES;OSL;LNDYY;0550 ; 0538;0650 ; 0635;0546;0625;-12;-15;-3;+8;+10;;;
DY329;2025-03-25;ALF;BOO;SERPG;0555 ; 0552;0753 ; 0753;0638;0750;-3;0;3;+46;+3;;;
DY271;2025-03-25;KRS;OSL;LNNHA;0600 ; 0557;0650 ; 0639;0603;0636;-3;-11;-8;+6;+3;;;
DY602;2025-03-25;OSL;BGO;LNNIQ;0600 ; 0549;0655 ; 0639;0558;0636;-11;-16;-5;+9;+3;;;
DY522;2025-03-25;OSL;SVG;LNENU;0600 ; 0603;0655 ; 0658;0613;0652;+3;+3;0;+10;+6;0003/FT;;
DY181;2025-03-25;HAU;OSL;LNDYT;0600 ; 0547;0655 ; 0638;0556;0634;-13;-17;-4;+9;+4;;;
DY740;2025-03-25;OSL;TRD;LNNIB;0600 ; 0555;0700 ; 0653;0605;0650;-5;-7;-2;+10;+3;;;
DY801;2025-03-25;ARN;OSL;SERTA;0600 ; 0555;0700 ; 0655;0607;0651;-5;-5;0;+12;+4;;;
D84151;2025-03-25;ARN;CPH;SERTR;0600 ; 0555;0710 ; 0701;0605;0657;-5;-9;-4;+10;+4;;;
DY341;2025-03-25;BOO;OSL;LNENV;0600 ; 0602;0740 ; 0736;0620;0731;+2;-4;-6;+18;+5;;;
D84451;2025-03-25;ARN;LGW;SERRP;0600 ; 0638;0835 ; 0858;0645;0852;+38;+23;-15;+7;+6;0038/AW;;
DY1302;2025-03-25;OSL;LGW;SERPE;0600 ; 0559;0835 ; 0934;0735;0928;-1;+59;60;+96;+6;;;
D85370;2025-03-25;ALC;CPH;SERXD;0600 ; 0559;0915 ; 0926;0605;0920;-1;+11;12;+6;+6;;;
D85070;2025-03-25;AGP;CPH;SERRB;0600 ; 0555;0945 ; 0941;0605;0934;-5;-4;1;+10;+7;;;
D85330;2025-03-25;ALC;TRF;SERRF;0600 ; 0550;0945 ; 0932;0559;0928;-10;-13;-3;+9;+4;;;
DY1260;2025-03-25;OSL;AYT;SERPD;0600 ; 0551;1005 ; 0951;0600;0945;-9;-14;-5;+9;+6;;;
DY1800;2025-03-25;OSL;AGP;LNDYX;0600 ; 0558;1015 ; 0949;0607;0944;-2;-26;-24;+9;+5;;;
D85052;2025-03-25;AGP;ARN;LNFGG;0600 ; 0558;1020 ; 1026;0612;1018;-2;+6;8;+14;+8;;;
D83194;2025-03-25;CPH;ARN;SERPR;0610 ; 0604;0725 ; 0723;0619;0717;-6;-2;4;+15;+6;;;
D83698;2025-03-25;CPH;ACE;SERTC;0615 ; 0602;1140 ; 1046;0615;1042;-13;-54;-41;+13;+4;;;
D83081;2025-03-25;AAL;CPH;LNFGF;0625 ; 0619;0710 ; 0704;0628;0658;-6;-6;0;+9;+6;;;
D83082;2025-03-25;CPH;AAL;SERRJ;0630 ; 0621;0715 ; 0706;0632;0702;-9;-9;0;+11;+4;;;
DY523;2025-03-25;SVG;OSL;SERPF;0630 ; 0620;0725 ; 0712;0628;0704;-10;-13;-3;+8;+8;;;
DY605;2025-03-25;BGO;OSL;LNENM;0630 ; 0629;0725 ; 0717;0638;0714;-1;-8;-7;+9;+3;;;
DY745;2025-03-25;TRD;OSL;LNNGD;0630 ; 0621;0730 ; 0710;0628;0706;-9;-20;-11;+7;+4;;;
DY804;2025-03-25;OSL;ARN;SERXB;0630 ; 0624;0740 ; 0723;0634;0713;-6;-17;-11;+10;+10;;;
D83220;2025-03-25;CPH;OSL;SERRO;0630 ; 0624;0745 ; 0732;0634;0728;-6;-13;-7;+10;+4;;;
DY932;2025-03-25;OSL;CPH;LNNIN;0630 ; 0620;0745 ; 0725;0629;0720;-10;-20;-10;+9;+5;;;
DY1790;2025-03-25;OSL;ALC;SERPJ;0645 ; 0641;1030 ; 1020;0654;1015;-4;-10;-6;+13;+5;;;
DY604;2025-03-25;OSL;BGO;LNENL;0700 ; 0649;0755 ; 0742;0659;0739;-11;-13;-2;+10;+3;;;
DY524;2025-03-25;OSL;SVG;LNENN;0700 ; 0651;0755 ; 0744;0701;0740;-9;-11;-2;+10;+4;;;
DY742;2025-03-25;OSL;TRD;LNNII;0700 ; 0654;0755 ; 0751;0703;0748;-6;-4;2;+9;+3;;;
DY607;2025-03-25;BGO;OSL;LNENS;0700 ; 0657;0755 ; 0745;0706;0741;-3;-10;-7;+9;+4;;;
DY747;2025-03-25;TRD;OSL;LNENT;0700 ; 0649;0800 ; 0737;0658;0734;-11;-23;-12;+9;+3;;;
D88922;2025-03-25;LPA;ALC;SERRE;0700 ; 1042;0950 ; 1320;1051;1317;+222;+210;-12;+9;+3;0342/TD;;
D84201;2025-03-25;ARN;ALC;SERTM;0700 ; 0656;1100 ; 1045;0711;1040;-4;-15;-11;+15;+5;;;
DY422;2025-03-25;OSL;MOL;LNENT;0710 ; 0815;0810 ; 0906;0824;0904;+65;+56;-9;+9;+2;0105/RO;;
D82876;2025-03-25;HEL;TFS;SERTL;0715 ; 0710;1355 ; 1319;0723;1316;-5;-36;-31;+13;+3;;;
DY270;2025-03-25;OSL;KRS;LNNHA;0720 ; 0712;0810 ; 0754;0719;0751;-8;-16;-8;+7;+3;;;
DY525;2025-03-25;SVG;OSL;LNENU;0720 ; 0726;0815 ; 0820;0736;0814;+6;+5;-1;+10;+6;0003/RA, 0003/FL;;
DY402;2025-03-25;OSL;AES;LNDYY;0720 ; 0708;0820 ; 0810;0723;0807;-12;-10;2;+15;+3;;;
D84005;2025-03-25;ARN;UME;SERXC;0720 ; 0717;0820 ; 0814;0725;0814;-3;-6;-3;+8;0;;;
D82603;2025-03-25;ARN;HEL;SERTG;0725 ; 0715;0820 ; 0815;0731;0811;-10;-5;5;+16;+4;;;
DY182;2025-03-25;OSL;HAU;LNNIL;0730 ; 0729;0825 ; 0852;0739;0842;-1;+27;28;+10;+10;;;
DY609;2025-03-25;BGO;OSL;LNNIQ;0730 ; 0719;0825 ; 0806;0728;0802;-11;-19;-8;+9;+4;;;
DY806;2025-03-25;OSL;ARN;SERTA;0730 ; 0728;0830 ; 0822;0739;0817;-2;-8;-6;+11;+5;;;
DY749;2025-03-25;TRD;OSL;LNNIB;0730 ; 0719;0830 ; 0811;0726;0805;-11;-19;-8;+7;+6;;;
DY340;2025-03-25;OSL;BOO;LNNIM;0730 ; 0726;0900 ; 0859;0737;0856;-4;-1;3;+11;+3;;;
DY370;2025-03-25;OSL;TOS;SERPH;0730 ; 0718;0925 ; 1010;0732;1001;-12;+45;57;+14;+9;;;
D82988;2025-03-25;HEL;AGA;SERTJ;0730 ; 0721;1310 ; 1251;0738;1247;-9;-19;-10;+17;+4;;;
D83083;2025-03-25;AAL;CPH;SERRJ;0740 ; 0732;0825 ; 0812;0740;0808;-8;-13;-5;+8;+4;;;
D84031;2025-03-25;ARN;LLA;SERTH;0740 ; 0737;0900 ; 0903;0755;0900;-3;+3;6;+18;+3;;;
D84152;2025-03-25;CPH;ARN;SERTR;0745 ; 0735;0900 ; 0845;0747;0842;-10;-15;-5;+12;+3;;;
DY744;2025-03-25;OSL;TRD;LNNGD;0755 ; 0745;0850 ; 0839;0753;0836;-10;-11;-1;+8;+3;;;
DY526;2025-03-25;OSL;SVG;SERPF;0755 ; 0748;0850 ; 0841;0756;0836;-7;-9;-2;+8;+5;;;
D83195;2025-03-25;ARN;CPH;SERPR;0755 ; 0752;0905 ; 0903;0805;0857;-3;-2;1;+13;+6;;;
DY360;2025-03-25;OSL;EVE;LNDYT;0755 ; 0752;0935 ; 0933;0801;0929;-3;-2;1;+9;+4;;;
D83656;2025-03-25;CPH;BCN;LNFGF;0755 ; 0755;1045 ; 1032;0808;1028;0;-13;-13;+13;+4;;;
DY1822;2025-03-25;OSL;TFS;LNENQ;0755 ; 0754;1405 ; 1329;0805;1325;-1;-36;-35;+11;+4;;;
DY606;2025-03-25;OSL;BGO;LNENM;0800 ; 0756;0855 ; 0847;0804;0843;-4;-8;-4;+8;+4;;;
DY330;2025-03-25;OSL;BDU;LNDYR;0800 ; 0800;0950 ; 0950;0808;0946;0;0;0;+8;+4;;;
D84908;2025-03-25;GOT;TFS;SERXA;0800 ; 0823;1330 ; 1339;0833;1335;+23;+9;-14;+10;+4;0023/FS;;
DY5990;2025-03-25;LPA;GOT;SERTB;0800 ; 0758;1330 ; 1327;0812;1322;-2;-3;-1;+14;+5;;;
DY805;2025-03-25;ARN;OSL;SERRS;0810 ; 0803;0910 ; 0908;0816;0903;-7;-2;5;+13;+5;;;
DY1740;2025-03-25;OSL;BCN;LNDYU;0810 ; 0806;1140 ; 1120;0817;1117;-4;-20;-16;+11;+3;;;
DY933;2025-03-25;CPH;OSL;LNNIN;0815 ; 0811;0930 ; 0918;0819;0913;-4;-12;-8;+8;+5;;;
D83221;2025-03-25;OSL;CPH;SERRO;0815 ; 0805;0930 ; 0909;0814;0903;-10;-21;-11;+9;+6;;;
DY329;2025-03-25;BOO;OSL;SERPG;0815 ; 0838;0945 ; 1007;0854;1003;+23;+22;-1;+16;+4;0003/RA, 0018/WR;;
DY1314;2025-03-25;BGO;LGW;LNENP;0815 ; 0806;1015 ; 1102;0909;1055;-9;+47;56;+63;+7;;;
DY310;2025-03-25;OSL;KKN;SERPI;0815 ; 0814;1030 ; 1022;0823;1021;-1;-8;-7;+9;+1;;;
DY611;2025-03-25;BGO;OSL;LNENL;0820 ; 0816;0910 ; 0905;0827;0901;-4;-5;-1;+11;+4;;;
DY751;2025-03-25;TRD;OSL;LNNII;0820 ; 0816;0915 ; 0908;0823;0904;-4;-7;-3;+7;+4;;;
D83084;2025-03-25;CPH;AAL;LNFGI;0830 ; 0818;0915 ; 0859;0828;0856;-12;-16;-4;+10;+3;;;
DY1404;2025-03-25;OSL;NCE;SERPL;0830 ; 0830;1125 ; 1125;0847;1121;0;0;0;+17;+4;;;
DY320;2025-03-25;OSL;OSL;SERPK;0830 ; 0835;1225 ; 1230;0846;1219;+5;+5;0;+11;+11;0005/RC;;
DY1844;2025-03-25;TOS;BGY;LNNIO;0830 ; 0949;1225 ; 1413;1028;1410;+79;+108;29;+39;+3;0119/WO;;
DY423;2025-03-25;MOL;OSL;LNENT;0835 ; 1006;0930 ; 1048;1012;1045;+91;+78;-13;+6;+3;0056/RA, 0031/PH, 0004/FA;;
DY998;2025-03-25;OSL;BLL;LNNIG;0835 ; 0822;0945 ; 0932;0835;0928;-13;-13;0;+13;+4;;;
D83944;2025-03-25;AAL;FNC;LNNHG;0835 ; 0832;1325 ; 1308;0847;1304;-3;-17;-14;+15;+4;;;
DY273;2025-03-25;KRS;OSL;LNNHA;0840 ; 0823;0930 ; 0904;0828;0900;-17;-26;-9;+5;+4;;;
D88921;2025-03-25;GOT;CPH;LNFGJ;0840 ; 0846;0930 ; 0929;0856;0924;+6;-1;-7;+10;+5;0006/MX;;
DY1082;2025-03-25;OSL;VNO;LNENS;0840 ; 0833;1030 ; 1015;0840;1010;-7;-15;-8;+7;+5;;;
DY403;2025-03-25;AES;OSL;LNDYY;0845 ; 0832;0940 ; 0923;0839;0918;-13;-17;-4;+7;+5;;;
D84006;2025-03-25;UME;ARN;SERXC;0845 ; 0855;0950 ; 0958;0907;0954;+10;+8;-2;+12;+4;0010/TD;;
DY183;2025-03-25;HAU;OSL;LNNIL;0850;;0945;;0000;0000;0;0;0;0;0;;CNL;
D83512;2025-03-25;CPH;LGW;SERTP;0850 ; 0921;1045 ; 1119;0936;1107;+31;+34;3;+15;+12;0031/AW;;
DY1502;2025-03-25;OSL;PRG;LNENU;0850 ; 0855;1050 ; 1047;0905;1040;+5;-3;-8;+10;+7;0005/FT;;
D84269;2025-03-25;ARN;TFS;SERTI;0900 ; 0847;1515 ; 1436;0855;1433;-13;-39;-26;+8;+3;;;
DY1876;2025-03-25;OSL;MXP;LNNIQ;0910 ; 0903;1150 ; 1135;0913;1130;-7;-15;-8;+10;+5;;;
DY1303;2025-03-25;LGW;OSL;SERPE;0915 ; 1018;1125 ; 1219;1032;1215;+63;+54;-9;+14;+4;0059/RA, 0004/AM;;
D84452;2025-03-25;LGW;ARN;SERRP;0915 ; 0935;1140 ; 1155;0951;1148;+20;+15;-5;+16;+7;0020/RA;;
DY527;2025-03-25;SVG;OSL;SERPF;0920 ; 0905;1010 ; 0955;0913;0951;-15;-15;0;+8;+4;;;
D84321;2025-03-25;ARN;NCE;SERXB;0920 ; 0924;1220 ; 1221;0931;1216;+4;+1;-3;+7;+5;0004/FR;;
D84036;2025-03-25;LLA;ARN;SERTH;0925 ; 0927;1045 ; 1047;0939;1040;+2;+2;0;+12;+7;;;
D85700;2025-03-25;LPA;ARN;SERYC;0925 ; 0931;1520 ; 1532;0938;1523;+6;+12;6;+7;+9;0006/AS;;
D82872;2025-03-25;HEL;LPA;SERTG;0925 ; 0914;1600 ; 1529;0926;1526;-11;-31;-20;+12;+3;;;
DY345;2025-03-25;BOO;OSL;LNNIM;0935 ; 0934;1105 ; 1108;0951;1105;-1;+3;4;+17;+3;;;
DY608;2025-03-25;OSL;BGO;LNENL;0940 ; 0935;1035 ; 1025;0942;1021;-5;-10;-5;+7;+4;;;
DY750;2025-03-25;OSL;TRD;LNNII;0940 ; 0930;1035 ; 1025;0938;1021;-10;-10;0;+8;+4;;;
D83086;2025-03-25;CPH;AAL;SERPR;0945 ; 0934;1030 ; 1018;0944;1013;-11;-12;-1;+10;+5;;;
D84455;2025-03-25;ARN;LGW;SERTR;0945 ; 0937;1220 ; 1215;0947;1209;-8;-5;3;+10;+6;;;
DY1752;2025-03-25;BGO;AGP;LNENM;0945 ; 0938;1345 ; 1333;0954;1328;-7;-12;-5;+16;+5;;;
DY1784;2025-03-25;OSL;FNC;LNNIB;0945 ; 0930;1505 ; 1423;0940;1421;-15;-42;-27;+10;+2;;;
DY530;2025-03-25;OSL;SVG;SERPM;0950 ; 0937;1045 ; 1029;0946;1025;-13;-16;-3;+9;+4;;;
D83302;2025-03-25;CPH;BER;SERRO;1000 ; 1003;1100 ; 1057;1014;1051;+3;-3;-6;+11;+6;0003/PW;;
D85371;2025-03-25;CPH;ALC;SERXD;1000 ; 1004;1320 ; 1309;1016;1304;+4;-11;-15;+12;+5;0004/AT;;
D83700;2025-03-25;AAL;TFS;LNFGI;1000 ; 0956;1525 ; 1500;1007;1456;-4;-25;-21;+11;+4;;;
DY1052;2025-03-25;OSL;GDN;LNNHA;1005 ; 0959;1130 ; 1119;1007;1116;-6;-11;-5;+8;+3;;;
DY365;2025-03-25;EVE;OSL;LNDYT;1005 ; 1001;1150 ; 1142;1014;1138;-4;-8;-4;+13;+4;;;
D85707;2025-03-25;OSL;LPA;LNENV;1010 ; 1008;1555 ; 1536;1018;1532;-2;-19;-17;+10;+4;;;
DY999;2025-03-25;BLL;OSL;LNNIG;1015 ; 1007;1125 ; 1113;1016;1109;-8;-12;-4;+9;+4;;;
DY1086;2025-03-25;OSL;PLQ;LNNIN;1015 ; 1003;1140 ; 1118;1012;1115;-12;-22;-10;+9;+3;;;
DY1104;2025-03-25;OSL;BER;LNNIL;1020 ; 1013;1155 ; 1144;1022;1140;-7;-11;-4;+9;+4;;;
DY333;2025-03-25;BDU;OSL;LNDYR;1020 ; 1026;1215 ; 1212;1039;1209;+6;-3;-9;+13;+3;0006/FL;;
DY1640;2025-03-25;OSL;EDI;LNDYY;1025 ; 1018;1225 ; 1212;1029;1208;-7;-13;-6;+11;+4;;;
D85331;2025-03-25;TRF;ALC;SERRF;1025 ; 1026;1400 ; 1358;1039;1354;+1;-2;-3;+13;+4;;;
D85071;2025-03-25;CPH;AGP;SERRB;1025 ; 1023;1405 ; 1347;1035;1344;-2;-18;-16;+12;+3;;;
D83692;2025-03-25;CPH;LPA;SERTD;1025 ; 1010;1600 ; 1516;1023;1512;-15;-44;-29;+13;+4;;;
D82883;2025-03-25;AGP;HEL;SERTK;1030 ; 1027;1515 ; 1501;1037;1456;-3;-14;-11;+10;+5;;;
D83407;2025-03-25;RAK;CPH;SERPS;1035 ; 1028;1500 ; 1503;1044;1458;-7;+3;10;+16;+5;;;
DY1261;2025-03-25;AYT;OSL;SERPD;1050 ; 1045;1510 ; 1509;1056;1505;-5;-1;4;+11;+4;;;
D83087;2025-03-25;AAL;CPH;SERPR;1055 ; 1045;1140 ; 1133;1056;1127;-10;-7;3;+11;+6;;;
D82884;2025-03-25;HEL;AGP;SERTV;1055 ; 1045;1540 ; 1517;1059;1512;-10;-23;-13;+14;+5;;;
DY617;2025-03-25;BGO;OSL;LNENL;1100 ; 1104;1150 ; 1150;1115;1147;+4;0;-4;+11;+3;0004/GL;;
DY8925;2025-03-25;MOL;OSL;LNNHE;1100 ; 1532;1155 ; 1630;1542;1626;+272;+275;3;+10;+4;0432/GS;;
DY532;2025-03-25;OSL;SVG;LNENR;1100;;1155;;0000;0000;0;0;0;0;0;;CNL;
DY757;2025-03-25;TRD;OSL;LNNII;1100 ; 1052;1155 ; 1143;1100;1139;-8;-12;-4;+8;+4;;;
DY1315;2025-03-25;LGW;BGO;LNENP;1100 ; 1137;1255 ; 1322;1145;1318;+37;+27;-10;+8;+4;0037/RA;;
DY311;2025-03-25;KKN;OSL;SERPI;1100 ; 1055;1320 ; 1313;1112;1307;-5;-7;-2;+17;+6;;;
DY1801;2025-03-25;AGP;OSL;LNDYX;1100 ; 1048;1510 ; 1455;1100;1451;-12;-15;-3;+12;+4;;;
DY1698;2025-03-25;OSL;RAK;SERPF;1100 ; 1059;1550 ; 1546;1107;1540;-1;-4;-3;+8;+6;;;
D85053;2025-03-25;ARN;AGP;LNFGG;1105 ; 1108;1525 ; 1515;1121;1509;+3;-10;-13;+13;+6;0003/AX;;
DY1728;2025-03-25;TRD;ALC;LNNGD;1105 ; 1111;1525 ; 1509;1118;1505;+6;-16;-22;+7;+4;0006/PS;;
DY531;2025-03-25;SVG;OSL;SERPM;1110 ; 1057;1205 ; 1144;1103;1141;-13;-21;-8;+6;+3;;;
DY1083;2025-03-25;VNO;OSL;LNENS;1110 ; 1103;1300 ; 1254;1113;1251;-7;-6;1;+10;+3;;;
DY321;2025-03-25;ALF;OSL;SERPK;1115;;1320;;0000;0000;0;0;0;0;0;;CNL;
DY1791;2025-03-25;ALC;OSL;SERPJ;1115 ; 1114;1505 ; 1506;1127;1502;-1;+1;2;+13;+4;;;
D83514;2025-03-25;CPH;LGW;SERRJ;1120 ; 1123;1325 ; 1313;1135;1306;+3;-12;-15;+12;+7;0003/AX;;
D85422;2025-03-25;ALC;HEL;SERXD;1120 ; 1400;1540 ; 1817;1411;1813;+160;+157;-3;+11;+4;0240/TC;;
D83513;2025-03-25;LGW;CPH;SERTP;1125 ; 1202;1315 ; 1349;1217;1342;+37;+34;-3;+15;+7;0035/RA, 0002/AT;;
DY1503;2025-03-25;PRG;OSL;LNENU;1130 ; 1130;1330 ; 1327;1141;1323;0;-3;-3;+11;+4;;;
D83657;2025-03-25;BCN;CPH;LNFGF;1130 ; 1126;1430 ; 1429;1147;1424;-4;-1;3;+21;+5;;;
DY374;2025-03-25;OSL;TOS;SERRS;1135 ; 1130;1330 ; 1320;1138;1314;-5;-10;-5;+8;+6;;;
D83303;2025-03-25;BER;CPH;SERRO;1140 ; 1147;1240 ; 1247;1157;1241;+7;+7;0;+10;+6;0007/PI;;
D85600;2025-03-25;PMI;ARN;SERPU;1140 ; 1200;1520 ; 1545;1211;1535;+20;+25;5;+11;+10;0016/PW, 0004/AT;;
D84202;2025-03-25;ALC;ARN;SERTM;1145 ; 1139;1550 ; 1553;1151;1545;-6;+3;9;+12;+8;;;
DY1040;2025-03-25;OSL;KRK;LNNIM;1200 ; 1153;1405 ; 1358;1203;1352;-7;-7;0;+10;+6;;;
DY1053;2025-03-25;GDN;OSL;LNNHA;1210 ; 1227;1340 ; 1351;1236;1347;+17;+11;-6;+9;+4;0017/DF;;
DY1405;2025-03-25;NCE;OSL;SERPL;1210 ; 1211;1500 ; 1503;1220;1459;+1;+3;2;+9;+4;;;
DY612;2025-03-25;OSL;BGO;LNENL;1220 ; 1238;1315 ; 1325;1245;1321;+18;+10;-8;+7;+4;0013/PW, 0005/AF;;
DY1087;2025-03-25;PLQ;OSL;LNNIN;1220 ; 1200;1345 ; 1323;1205;1319;-20;-22;-2;+5;+4;;;
DY754;2025-03-25;OSL;TRD;LNNII;1225 ; 1213;1320 ; 1306;1221;1303;-12;-14;-2;+8;+3;;;
DY362;2025-03-25;OSL;EVE;LNDYT;1225 ; 1218;1405 ; 1354;1228;1350;-7;-11;-4;+10;+4;;;
DY1741;2025-03-25;BCN;OSL;LNNGS;1225 ; 1230;1550 ; 1554;1246;1549;+5;+4;-1;+16;+5;0005/AM;;
D83699;2025-03-25;ACE;CPH;SERTC;1225 ; 1221;1715 ; 1715;1233;1710;-4;0;4;+12;+5;;;
DY1877;2025-03-25;MXP;OSL;LNNIQ;1230 ; 1242;1510 ; 1520;1258;1516;+12;+10;-2;+16;+4;0012/AT;;
DY1612;2025-03-25;TOS;GVA;SERPH;1230 ; 1301;1630 ; 1713;1328;1705;+31;+43;12;+27;+8;0031/WI;;
DY534;2025-03-25;OSL;SVG;SERPM;1235 ; 1226;1330 ; 1319;1235;1315;-9;-11;-2;+9;+4;;;
DY535;2025-03-25;SVG;OSL;LNENR;1235;;1330;;0000;0000;0;0;0;0;0;;CNL;
DY1105;2025-03-25;BER;OSL;LNNIL;1235 ; 1234;1415 ; 1411;1245;1406;-1;-4;-3;+11;+5;;;
DY1890;2025-03-25;OSL;LCA;LNNIG;1245 ; 1246;1715 ; 1723;1256;1719;+1;+8;7;+10;+4;;;
DY940;2025-03-25;OSL;CPH;LNDYR;1255 ; 1252;1410 ; 1400;1302;1353;-3;-10;-7;+10;+7;;;
D84456;2025-03-25;LGW;ARN;SERTR;1300 ; 1247;1525 ; 1500;1257;1453;-13;-25;-12;+10;+7;;;
D84322;2025-03-25;NCE;ARN;SERXB;1300 ; 1303;1555 ; 1611;1316;1602;+3;+16;13;+13;+9;0002/PW, 0001/AM;;
DY1641;2025-03-25;EDI;OSL;LNDYY;1305 ; 1259;1450 ; 1440;1311;1437;-6;-10;-4;+12;+3;;;
D83228;2025-03-25;CPH;OSL;SERPR;1310 ; 1259;1425 ; 1408;1311;1404;-11;-17;-6;+12;+4;;;
DY1845;2025-03-25;BGY;TOS;LNNIO;1310 ; 1514;1705 ; 1916;1525;1912;+124;+131;7;+11;+4;0155/RA, 0009/AT;;
DY8923;2025-03-25;BGO;OSL;LNNIH;1330 ; 1346;1425 ; 1427;1350;1424;+16;+2;-14;+4;+3;0016/RC;;
DY1782;2025-03-25;OSL;FAO;LNNOD;1330 ; 1330;1740 ; 1731;1339;1726;0;-9;-9;+9;+5;;;
DY756;2025-03-25;OSL;TRD;LNENS;1340 ; 1329;1435 ; 1424;1337;1421;-11;-11;0;+8;+3;;;
D84011;2025-03-25;ARN;UME;SERRP;1340 ; 1331;1440 ; 1436;1343;1433;-9;-4;5;+12;+3;;;
D85701;2025-03-25;ARN;LPA;SERTF;1340 ; 1352;1935 ; 1939;1405;1935;+12;+4;-8;+13;+4;0012/AT;;
D84457;2025-03-25;ARN;LGW;SERTH;1345 ; 1337;1620 ; 1603;1346;1557;-8;-17;-9;+9;+6;;;
D83616;2025-03-25;CPH;LIS;SERRO;1355 ; 1347;1735 ; 1738;1403;1732;-8;+3;11;+16;+6;;;
DY625;2025-03-25;BGO;OSL;LNENL;1400 ; 1358;1450 ; 1446;1405;1442;-2;-4;-2;+7;+4;;;
DY761;2025-03-25;TRD;OSL;LNNII;1400 ; 1341;1455 ; 1430;1348;1427;-19;-25;-6;+7;+3;;;
DY537;2025-03-25;SVG;OSL;SERPM;1400 ; 1352;1455 ; 1445;1400;1441;-8;-10;-2;+8;+4;;;
DY816;2025-03-25;OSL;ARN;SERPI;1400 ; 1356;1500 ; 1459;1411;1451;-4;-1;3;+15;+8;;;
D84043;2025-03-25;ARN;LLA;SERTO;1400 ; 1359;1520 ; 1517;1411;1514;-1;-3;-2;+12;+3;;;
DY378;2025-03-25;OSL;TOS;SERPK;1400 ; 1356;1555 ; 1616;1404;1610;-4;+21;25;+8;+6;;;
DY375;2025-03-25;TOS;OSL;SERRS;1400 ; 1401;1600 ; 1604;1425;1601;+1;+4;3;+24;+3;;;
D82989;2025-03-25;AGA;HEL;SERTJ;1400 ; 1339;1940 ; 1934;1351;1928;-21;-6;15;+12;+6;;;
D83515;2025-03-25;LGW;CPH;SERRJ;1405 ; 1359;1555 ; 1545;1411;1540;-6;-10;-4;+12;+5;;;
DY410;2025-03-25;OSL;AES;LNENU;1410 ; 1403;1510 ; 1454;1410;1451;-7;-16;-9;+7;+3;;;
D83945;2025-03-25;FNC;AAL;LNNHG;1410 ; 1403;1855 ; 1857;1420;1851;-7;+2;9;+17;+6;;;
DY536;2025-03-25;OSL;SVG;LNENR;1415 ; 1411;1510 ; 1502;1420;1500;-4;-8;-4;+9;+2;;;
DY5991;2025-03-25;GOT;LPA;SERTB;1415 ; 1412;1955 ; 1936;1422;1932;-3;-19;-16;+10;+4;;;
DY618;2025-03-25;OSL;BGO;LNNHA;1430 ; 1428;1525 ; 1523;1436;1519;-2;-2;0;+8;+4;;;
DY346;2025-03-25;OSL;BOO;SERPE;1430 ; 1432;1600 ; 1602;1444;1600;+2;+2;0;+12;+2;;;
DY334;2025-03-25;OSL;BDU;SERPG;1430 ; 1436;1620 ; 1631;1450;1627;+6;+11;5;+14;+4;0006/TN;;
DY1308;2025-03-25;OSL;LGW;LNNIN;1430 ; 1423;1655 ; 1626;1430;1618;-7;-29;-22;+7;+8;;;
DY1753;2025-03-25;AGP;BGO;LNENM;1430 ; 1419;1830 ; 1822;1428;1818;-11;-8;3;+9;+4;;;
D83998;2025-03-25;ARN;DWC;SERTA;1435 ; 1432;2130;;1444;0000;-3;0;0;+12;0;;;
D82612;2025-03-25;HEL;ARN;SERTN;1440 ; 1435;1540 ; 1539;1446;1531;-5;-1;4;+11;+8;;;
DY941;2025-03-25;CPH;OSL;LNDYR;1440 ; 1439;1555 ; 1546;1450;1542;-1;-9;-8;+11;+4;;;
DY363;2025-03-25;EVE;OSL;LNDYT;1440 ; 1446;1625 ; 1631;1502;1627;+6;+6;0;+16;+4;0006/PI;;
D84909;2025-03-25;TFS;GOT;SERXA;1440 ; 1452;2005 ; 2017;1504;2013;+12;+12;0;+12;+4;0012/AT;;
DY1041;2025-03-25;KRK;OSL;LNNIM;1445 ; 1438;1650 ; 1639;1447;1635;-7;-11;-4;+9;+4;;;
D85074;2025-03-25;AGP;CPH;SERRB;1450 ; 1451;1835 ; 1843;1508;1837;+1;+8;7;+17;+6;;;
DY1823;2025-03-25;TFS;OSL;LNENQ;1455 ; 1517;2030;;1523;0000;+22;0;0;+6;0;0015/PW, 0007/GL;;
D83229;2025-03-25;OSL;CPH;SERPR;1500 ; 1448;1615 ; 1548;1455;1543;-12;-27;-15;+7;+5;;;
D82877;2025-03-25;TFS;HEL;SERTL;1500 ; 1518;2130;;1526;0000;+18;0;0;+8;0;0005/AF, 0013/AT;;
D84012;2025-03-25;UME;ARN;SERRP;1510 ; 1502;1615 ; 1628;1509;1605;-8;+13;21;+7;+23;;;
DY538;2025-03-25;OSL;SVG;LNNIL;1515 ; 1510;1610 ; 1604;1519;1601;-5;-6;-1;+9;+3;;;
DY760;2025-03-25;OSL;TRD;LNNII;1520 ; 1509;1615 ; 1602;1517;1558;-11;-13;-2;+8;+4;;;
DY763;2025-03-25;TRD;OSL;LNENS;1520 ; 1511;1615 ; 1602;1524;1559;-9;-13;-4;+13;+3;;;
DY620;2025-03-25;OSL;BGO;LNENL;1520 ; 1513;1615 ; 1608;1521;1603;-7;-7;0;+8;+5;;;
DY631;2025-03-25;BGO;OSL;LNENP;1520 ; 1507;1615 ; 1600;1518;1555;-13;-15;-2;+11;+5;;;
DY190;2025-03-25;OSL;HAU;SERPM;1530 ; 1528;1625 ; 1625;1538;1621;-2;0;2;+10;+4;;;
DY817;2025-03-25;ARN;OSL;SERPI;1530 ; 1530;1630 ; 1623;1536;1617;0;-7;-7;+6;+6;;;
D83090;2025-03-25;CPH;AAL;SERTP;1535 ; 1529;1620 ; 1614;1540;1609;-6;-6;0;+11;+5;;;
DY413;2025-03-25;AES;OSL;LNENU;1535 ; 1524;1630 ; 1612;1531;1609;-11;-18;-7;+7;+3;;;
DY541;2025-03-25;SVG;OSL;LNENR;1545 ; 1532;1640 ; 1619;1540;1615;-13;-21;-8;+8;+4;;;
D84044;2025-03-25;LLA;ARN;SERTO;1545 ; 1546;1705 ; 1711;1555;1703;+1;+6;5;+9;+8;;;
DY1785;2025-03-25;FNC;OSL;LNNIB;1550 ; 1557;2055;;1606;0000;+7;0;0;+9;0;0007/AM;;
DY276;2025-03-25;OSL;KRS;LNNIQ;1555 ; 1556;1645 ; 1646;1604;1642;+1;+1;0;+8;+4;;;
DY635;2025-03-25;BGO;OSL;LNNHA;1600 ; 1554;1655 ; 1643;1608;1640;-6;-12;-6;+14;+3;;;
DY622;2025-03-25;OSL;BGO;SERPL;1600 ; 1549;1655 ; 1643;1558;1638;-11;-12;-1;+9;+5;;;
DY762;2025-03-25;OSL;TRD;LNENT;1600 ; 1549;1655 ; 1649;1602;1645;-11;-6;5;+13;+4;;;
DY820;2025-03-25;OSL;ARN;SERPD;1600 ; 1600;1700 ; 1655;1608;1645;0;-5;-5;+8;+10;;;
D83212;2025-03-25;CPH;ARN;LNFGF;1600 ; 1557;1715 ; 1717;1611;1708;-3;+2;5;+14;+9;;;
D83232;2025-03-25;CPH;OSL;SERPS;1600 ; 1555;1715 ; 1701;1604;1657;-5;-14;-9;+9;+4;;;
D85601;2025-03-25;ARN;PMI;SERPU;1600 ; 1639;1940 ; 2009;1649;2003;+39;+29;-10;+10;+6;0015/RA, 0010/PW, 0014/GL;;
DY540;2025-03-25;OSL;SVG;LNDYY;1605 ; 1557;1700 ; 1654;1608;1649;-8;-6;2;+11;+5;;;
D84270;2025-03-25;TFS;ARN;SERTI;1605 ; 1625;2155;;1630;0000;+20;0;0;+5;0;0010/PW, 0010/AT;;
DY328;2025-03-25;OSL;TOS;SERPJ;1610 ; 1610;1805 ; 1807;1619;1803;0;+2;2;+9;+4;;;
D85036;2025-03-25;AGP;SVG;LNFGG;1610 ; 1610;1955 ; 1955;1621;1952;0;0;0;+11;+3;;;
DY1729;2025-03-25;ALC;TRD;LNNGD;1610 ; 1603;2030 ; 2020;1613;2015;-7;-10;-3;+10;+5;;;
D84167;2025-03-25;ARN;CPH;SERTR;1615 ; 1612;1725 ; 1723;1622;1717;-3;-2;1;+10;+6;;;
D83701;2025-03-25;TFS;AAL;LNFGI;1615 ; 1611;2135;;1627;0000;-4;0;0;+16;0;;;
D82613;2025-03-25;ARN;HEL;SERTM;1620 ; 1637;1715 ; 1732;1650;1729;+17;+17;0;+13;+3;0003/RA, 0014/TC;;
D85423;2025-03-25;HEL;ALC;SERXD;1620 ; 1915;2045;;1924;0000;+175;0;0;+9;0;0227/RA, 0016/PW, 0003/PS, 0009/FR;;
DY948;2025-03-25;OSL;CPH;LNDYR;1625 ; 1616;1740 ; 1721;1628;1715;-9;-19;-10;+12;+6;;;
DY383;2025-03-25;TOS;OSL;SERPK;1625 ; 1654;1825 ; 1908;1726;1904;+29;+43;14;+32;+4;0016/RA, 0013/WS;;
D82885;2025-03-25;AGP;HEL;SERTV;1625 ; 1621;2110;;1637;0000;-4;0;0;+16;0;;;
DY430;2025-03-25;OSL;MOL;LNNGS;1630 ; 1631;1730 ; 1744;1642;1739;+1;+14;13;+11;+5;;;
DY819;2025-03-25;ARN;OSL;SERXC;1630 ; 1628;1730 ; 1721;1635;1721;-2;-9;-7;+7;0;;;
DY347;2025-03-25;BOO;OSL;SERPE;1630 ; 1633;1800 ; 1814;1654;1810;+3;+14;11;+21;+4;0003/RC;;
DY350;2025-03-25;OSL;BOO;SERRS;1630 ; 1630;1800 ; 1757;1637;1754;0;-3;-3;+7;+3;;;
DY637;2025-03-25;BGO;OSL;LNENL;1640 ; 1632;1730 ; 1719;1640;1715;-8;-11;-3;+8;+4;;;
DY543;2025-03-25;SVG;OSL;LNNIL;1640 ; 1631;1735 ; 1722;1638;1717;-9;-13;-4;+7;+5;;;
DY769;2025-03-25;TRD;OSL;LNNII;1640 ; 1632;1735 ; 1728;1638;1724;-8;-7;1;+6;+4;;;
DY626;2025-03-25;OSL;BGO;LNENP;1640 ; 1629;1735 ; 1721;1638;1717;-11;-14;-3;+9;+4;;;
DY1699;2025-03-25;RAK;OSL;SERPF;1640 ; 1637;2140;;1658;0000;-3;0;0;+21;0;;;
D83091;2025-03-25;AAL;CPH;SERTP;1645 ; 1640;1730 ; 1728;1653;1722;-5;-2;3;+13;+6;;;
D83092;2025-03-25;CPH;AAL;SERPR;1645 ; 1634;1730 ; 1724;1647;1719;-11;-6;5;+13;+5;;;
D84015;2025-03-25;ARN;UME;SERRP;1645 ; 1716;1745 ; 1814;1724;1811;+31;+29;-2;+8;+3;0008/RA, 0010/AF, 0013/PW;;
D84045;2025-03-25;ARN;LLA;SERXB;1645 ; 1657;1805 ; 1813;1706;1809;+12;+8;-4;+9;+4;0012/AS;;
D85708;2025-03-25;LPA;OSL;LNENV;1645 ; 1646;2225;;1701;0000;+1;0;0;+15;0;;;
DY764;2025-03-25;OSL;TRD;LNENS;1650 ; 1642;1745 ; 1737;1649;1734;-8;-8;0;+7;+3;;;
DY337;2025-03-25;BDU;OSL;SERPG;1650 ; 1657;1845 ; 1852;1715;1849;+7;+7;0;+18;+3;0007/RA;;
D83693;2025-03-25;LPA;CPH;SERTD;1650 ; 1649;2210;;1707;0000;-1;0;0;+18;0;;;
D82873;2025-03-25;LPA;HEL;SERTG;1650 ; 1658;2305;;1710;0000;+8;0;0;+12;0;0008/AM;;
DY191;2025-03-25;HAU;OSL;SERPM;1655 ; 1659;1745 ; 1750;1708;1746;+4;+5;1;+9;+4;0005/PI;;
DY366;2025-03-25;OSL;EVE;LNDYT;1655 ; 1704;1835 ; 1847;1721;1843;+9;+12;3;+17;+4;0001/RA, 0003/PW, 0005/AM;;
D83518;2025-03-25;CPH;LGW;SERRJ;1655 ; 1648;1850 ; 1838;1702;1833;-7;-12;-5;+14;+5;;;
DY414;2025-03-25;OSL;AES;LNENU;1700 ; 1654;1800 ; 1748;1701;1744;-6;-12;-6;+7;+4;;;
DY822;2025-03-25;OSL;ARN;SERPI;1700 ; 1658;1800 ; 1756;1711;1748;-2;-4;-2;+13;+8;;;
D84458;2025-03-25;LGW;ARN;SERTH;1700 ; 1646;1925 ; 1857;1655;1854;-14;-28;-14;+9;+3;;;
DY544;2025-03-25;OSL;SVG;LNENR;1710 ; 1703;1805 ; 1802;1720;1759;-7;-3;4;+17;+3;;;
DY1613;2025-03-25;GVA;TOS;SERPH;1710 ; 1753;2105;;1806;0000;+43;0;0;+13;0;0043/RA;;
DY639;2025-03-25;BGO;OSL;SERPL;1720 ; 1711;1810 ; 1756;1718;1752;-9;-14;-5;+7;+4;;;
DY277;2025-03-25;KRS;OSL;LNNIQ;1720 ; 1726;1810 ; 1810;1732;1806;+6;0;-6;+6;+4;0001/RA, 0005/GL;;
DY771;2025-03-25;TRD;OSL;LNENT;1720 ; 1709;1815 ; 1802;1716;1758;-11;-13;-2;+7;+4;;;
DY628;2025-03-25;OSL;BGO;LNNHA;1725 ; 1715;1820 ; 1805;1723;1801;-10;-15;-5;+8;+4;;;
DY545;2025-03-25;SVG;OSL;LNDYY;1725 ; 1715;1820 ; 1808;1723;1801;-10;-12;-2;+8;+7;;;
DY821;2025-03-25;ARN;OSL;SERPD;1730 ; 1728;1830 ; 1824;1736;1820;-2;-6;-4;+8;+4;;;
DY1309;2025-03-25;LGW;OSL;LNNIN;1740 ; 1730;1950 ; 1923;1739;1919;-10;-27;-17;+9;+4;;;
D83213;2025-03-25;ARN;CPH;LNFGF;1745 ; 1746;1855 ; 1853;1756;1848;+1;-2;-3;+10;+5;;;
D83233;2025-03-25;OSL;CPH;SERPS;1745 ; 1734;1900 ; 1834;1741;1829;-11;-26;-15;+7;+5;;;
DY373;2025-03-25;TOS;OSL;LNNIO;1750 ; 1956;1950;;2013;0000;+126;0;0;+17;0;0156/RA, 0005/FT, 0005/GC;;
D83094;2025-03-25;CPH;AAL;SERTP;1755 ; 1753;1840 ; 1840;1806;1834;-2;0;2;+13;+6;;;
D83093;2025-03-25;AAL;CPH;SERPR;1755 ; 1740;1840 ; 1824;1749;1820;-15;-16;-1;+9;+4;;;
DY632;2025-03-25;OSL;BGO;LNENL;1800 ; 1747;1855 ; 1838;1756;1834;-13;-17;-4;+9;+4;;;
DY768;2025-03-25;OSL;TRD;LNNII;1800 ; 1752;1855 ; 1842;1800;1839;-8;-13;-5;+8;+3;;;
DY431;2025-03-25;MOL;OSL;LNNGS;1800 ; 1813;1855 ; 1903;1822;1859;+13;+8;-5;+9;+4;0009/RA, 0004/FL;;
DY824;2025-03-25;OSL;ARN;SERXC;1800 ; 1801;1900 ; 1851;1811;1851;+1;-9;-10;+10;0;;;
D84168;2025-03-25;CPH;ARN;SERTC;1800 ; 1805;1915 ; 1919;1821;1915;+5;+4;-1;+16;+4;0005/RC;;
DY1891;2025-03-25;LCA;OSL;LNNIG;1800 ; 1821;2245;;1835;0000;+21;0;0;+14;0;0010/RA, 0011/AM;;
DY546;2025-03-25;OSL;SVG;LNNIL;1810 ; 1801;1905 ; 1857;1814;1854;-9;-8;1;+13;+3;;;
DY773;2025-03-25;TRD;OSL;LNENS;1810 ; 1759;1905 ; 1849;1806;1845;-11;-16;-5;+7;+4;;;
DY949;2025-03-25;CPH;OSL;LNDYR;1810 ; 1804;1925 ; 1911;1814;1907;-6;-14;-8;+10;+4;;;
DY1318;2025-03-25;BGO;LGW;LNENP;1810 ; 1758;2010 ; 2003;1807;1950;-12;-7;5;+9;+13;;;
DY1336;2025-03-25;SVG;LGW;LNENN;1815 ; 1814;2005 ; 2005;1822;1955;-1;0;1;+8;+10;;;
DY417;2025-03-25;AES;OSL;LNENU;1825 ; 1815;1920 ; 1906;1822;1902;-10;-14;-4;+7;+4;;;
D83617;2025-03-25;LIS;CPH;SERRO;1825 ; 1832;2205;;1842;0000;+7;0;0;+10;0;0007/AM;;
DY1783;2025-03-25;FAO;OSL;LNNOD;1825 ; 1818;2225;;1827;0000;-7;0;0;+9;0;;;
DY547;2025-03-25;SVG;OSL;LNENR;1830 ; 1824;1920 ; 1917;1834;1912;-6;-3;3;+10;+5;;;
DY328;2025-03-25;TOS;ALF;SERPJ;1835 ; 2019;1915;;0000;0000;+104;0;0;0;0;0144/DF;;
DY823;2025-03-25;ARN;OSL;SERPI;1835 ; 1841;1935 ; 1933;1847;1929;+6;-2;-8;+6;+4;0006/GF;;
DY355;2025-03-25;BOO;OSL;SERRS;1835 ; 1841;2005 ; 2021;1905;2017;+6;+16;10;+24;+4;0006/RL;;
DY645;2025-03-25;BGO;OSL;LNNHA;1845 ; 1838;1935 ; 1928;1846;1924;-7;-7;0;+8;+4;;;
DY196;2025-03-25;OSL;HAU;LNNIQ;1845 ; 1838;1940 ; 1929;1845;1926;-7;-11;-4;+7;+3;;;
DY436;2025-03-25;OSL;MOL;SERPE;1845 ; 1842;1945 ; 1937;1851;1933;-3;-8;-5;+9;+4;;;
DY278;2025-03-25;OSL;KRS;LNENT;1850 ; 1845;1940 ; 1931;1854;1927;-5;-9;-4;+9;+4;;;
DY356;2025-03-25;OSL;BOO;LNNIM;1850 ; 1848;2020 ; 2014;1856;2010;-2;-6;-4;+8;+4;;;
DY382;2025-03-25;OSL;TOS;SERPK;1855 ; 1929;2050;;1942;0000;+34;0;0;+13;0;0034/RA;;
DY369;2025-03-25;EVE;OSL;LNDYT;1905 ; 1925;2050;;1944;0000;+20;0;0;+19;0;0007/RA, 0013/ED;;
DY368;2025-03-25;OSL;EVE;LNDYY;1915 ; 1906;2055;;1918;0000;-9;0;0;+12;0;;;
DY338;2025-03-25;OSL;BDU;SERPG;1915 ; 1922;2105;;1935;0000;+7;0;0;+13;0;0002/RA, 0005/GF;;
D85075;2025-03-25;CPH;AGP;SERRB;1915 ; 1924;2255;;1935;0000;+9;0;0;+11;0;0009/TD;;
DY549;2025-03-25;SVG;OSL;LNNIL;1930 ; 1914;2020 ; 2000;1922;1957;-16;-20;-4;+8;+3;;;
DY777;2025-03-25;TRD;OSL;LNNII;1930 ; 1912;2025 ; 2002;1918;1959;-18;-23;-5;+6;+3;;;
D83519;2025-03-25;LGW;CPH;SERRJ;1930 ; 1918;2120;;1926;0000;-12;0;0;+8;0;;;
DY770;2025-03-25;OSL;TRD;LNENS;1940 ; 1927;2040;;1940;2021;-13;0;0;+13;0;;;
DY550;2025-03-25;OSL;SVG;LNENR;1955 ; 1944;2050;;1952;0000;-11;0;0;+8;0;;;
DY418;2025-03-25;OSL;AES;LNENU;1955 ; 1943;2055;;1951;0000;-12;0;0;+8;0;;;
DY638;2025-03-25;OSL;BGO;LNNHA;2005 ; 1954;2100;;2001;0000;-11;0;0;+7;0;;;
D85037;2025-03-25;SVG;AGP;LNFGG;2035;;0015;;0000;0000;0;0;0;0;0;;;
DY1337;2025-03-25;LGW;SVG;LNENN;2050;;2230;;0000;0000;0;0;0;0;0;;;
DY1319;2025-03-25;LGW;BGO;LNENP;2050;;2245;;0000;0000;0;0;0;0;0;;;
DY776;2025-03-25;OSL;TRD;LNNII;2100;;2200;;0000;0000;0;0;0;0;0;;;
